{
"framerate":24,
"images":["charset30.png"],
"frames":[
    [119, 40, 20, 25, 0, -3, -9],
    [148, 69, 13, 23, 0, -7, -10],
    [27, 69, 19, 24, 0, -3, -9],
    [164, 40, 19, 25, 0, -3, -9],
    [189, 69, 20, 23, 0, -2, -10],
    [75, 69, 18, 24, 0, -4, -10],
    [211, 40, 20, 24, 0, -3, -10],
    [213, 69, 20, 23, 0, -4, -10],
    [67, 40, 18, 25, 0, -4, -9],
    [187, 40, 20, 24, 0, -3, -9],
    [23, 173, 10, 11, 0, -2, -27],
    [2, 124, 24, 23, 0, -3, -10],
    [172, 97, 18, 23, 0, -5, -10],
    [45, 40, 18, 25, 0, -4, -9],
    [47, 124, 20, 23, 0, -5, -10],
    [227, 97, 14, 23, 0, -4, -10],
    [125, 124, 13, 23, 0, -5, -10],
    [216, 2, 24, 25, 0, -4, -9],
    [99, 124, 22, 23, 0, -4, -10],
    [245, 97, 7, 23, 0, -4, -10],
    [235, 40, 14, 24, 0, -2, -10],
    [122, 69, 22, 23, 0, -4, -10],
    [30, 124, 13, 23, 0, -5, -10],
    [194, 97, 29, 23, 0, -4, -10],
    [71, 124, 24, 23, 0, -4, -10],
    [89, 40, 26, 25, 0, -3, -9],
    [26, 97, 18, 23, 0, -5, -10],
    [74, 2, 27, 26, 0, -3, -9],
    [2, 97, 20, 23, 0, -4, -10],
    [143, 40, 17, 25, 0, -4, -9],
    [237, 69, 17, 23, 0, -2, -10],
    [2, 69, 21, 24, 0, -4, -10],
    [143, 97, 25, 23, 0, -2, -10],
    [104, 97, 35, 23, 0, -2, -10],
    [75, 97, 25, 23, 0, -2, -10],
    [48, 97, 23, 23, 0, -2, -10],
    [97, 69, 21, 23, 0, -3, -10],
    [243, 151, 5, 10, 0, -4, -10],
    [244, 2, 8, 24, 0, -4, -10],
    [24, 40, 17, 25, 0, -3, -9],
    [165, 69, 20, 23, 0, -3, -10],
    [48, 173, 10, 5, 0, -2, -22],
    [157, 124, 7, 19, 0, -4, -15],
    [2, 151, 17, 18, 0, -4, -12],
    [37, 173, 7, 8, 0, -4, -26],
    [130, 151, 23, 16, 0, -1, -13],
    [185, 124, 19, 18, 0, -3, -16],
    [12, 2, 19, 27, 0, -4, -7],
    [168, 124, 13, 18, 0, -3, -16],
    [51, 2, 19, 27, 0, -3, -7],
    [208, 124, 18, 18, 0, -3, -16],
    [35, 2, 12, 27, 0, -2, -6],
    [129, 2, 19, 26, 0, -3, -16],
    [152, 2, 17, 26, 0, -4, -7],
    [173, 2, 6, 26, 0, -4, -7],
    [2, 2, 6, 34, 0, -4, -7],
    [105, 2, 20, 26, 0, -4, -7],
    [183, 2, 6, 26, 0, -4, -7],
    [99, 151, 27, 17, 0, -4, -16],
    [41, 151, 17, 17, 0, -4, -16],
    [230, 124, 19, 18, 0, -4, -16],
    [193, 2, 19, 25, 0, -4, -16],
    [2, 40, 18, 25, 0, -4, -16],
    [83, 151, 12, 17, 0, -4, -16],
    [23, 151, 14, 18, 0, -3, -16],
    [142, 124, 11, 21, 0, -3, -12],
    [62, 151, 17, 17, 0, -4, -17],
    [192, 151, 20, 16, 0, -2, -17],
    [157, 151, 31, 16, 0, -2, -17],
    [216, 151, 23, 16, 0, -2, -17],
    [50, 69, 21, 24, 0, -2, -17],
    [2, 173, 17, 16, 0, -3, -17]
],
"animations":{
    "0": {"frames": [0], "speed": 1},
    "1": {"frames": [1], "speed": 1},
    "2": {"frames": [2], "speed": 1},
    "3": {"frames": [3], "speed": 1},
    "4": {"frames": [4], "speed": 1},
    "5": {"frames": [5], "speed": 1},
    "6": {"frames": [6], "speed": 1},
    "7": {"frames": [7], "speed": 1},
    "8": {"frames": [8], "speed": 1},
    "9": {"frames": [9], "speed": 1},
    "Z": {"frames": [36], "speed": 1},
    "'": {"frames": [37], "speed": 1},
    "t": {"frames": [65], "speed": 1},
    "A": {"frames": [11], "speed": 1},
    "s": {"frames": [64], "speed": 1},
    "@": {"frames": [45], "speed": 1},
    "X": {"frames": [34], "speed": 1},
    "B": {"frames": [12], "speed": 1},
    "r": {"frames": [63], "speed": 1},
    "?": {"frames": [39], "speed": 1},
    "Y": {"frames": [35], "speed": 1},
    "C": {"frames": [13], "speed": 1},
    "u": {"frames": [66], "speed": 1},
    "w": {"frames": [68], "speed": 1},
    "D": {"frames": [14], "speed": 1},
    "v": {"frames": [67], "speed": 1},
    "+": {"frames": [43], "speed": 1},
    ":": {"frames": [42], "speed": 1},
    "E": {"frames": [15], "speed": 1},
    ",": {"frames": [10], "speed": 1},
    "y": {"frames": [70], "speed": 1},
    "F": {"frames": [16], "speed": 1},
    "x": {"frames": [69], "speed": 1},
    "-": {"frames": [41], "speed": 1},
    "z": {"frames": [71], "speed": 1},
    "G": {"frames": [17], "speed": 1},
    "a": {"frames": [46], "speed": 1},
    ".": {"frames": [44], "speed": 1},
    "H": {"frames": [18], "speed": 1},
    "b": {"frames": [47], "speed": 1},
    "I": {"frames": [19], "speed": 1},
    "c": {"frames": [48], "speed": 1},
    "J": {"frames": [20], "speed": 1},
    "d": {"frames": [49], "speed": 1},
    "K": {"frames": [21], "speed": 1},
    "e": {"frames": [50], "speed": 1},
    "L": {"frames": [22], "speed": 1},
    "f": {"frames": [51], "speed": 1},
    "M": {"frames": [23], "speed": 1},
    "g": {"frames": [52], "speed": 1},
    "N": {"frames": [24], "speed": 1},
    "h": {"frames": [53], "speed": 1},
    "O": {"frames": [25], "speed": 1},
    "i": {"frames": [54], "speed": 1},
    "P": {"frames": [26], "speed": 1},
    "j": {"frames": [55], "speed": 1},
    "Q": {"frames": [27], "speed": 1},
    "k": {"frames": [56], "speed": 1},
    "!": {"frames": [38], "speed": 1},
    "R": {"frames": [28], "speed": 1},
    "l": {"frames": [57], "speed": 1},
    "S": {"frames": [29], "speed": 1},
    "m": {"frames": [58], "speed": 1},
    "#": {"frames": [40], "speed": 1},
    "T": {"frames": [30], "speed": 1},
    "n": {"frames": [59], "speed": 1},
    "U": {"frames": [31], "speed": 1},
    "o": {"frames": [60], "speed": 1},
    "V": {"frames": [32], "speed": 1},
    "p": {"frames": [61], "speed": 1},
    "W": {"frames": [33], "speed": 1},
    "q": {"frames": [62], "speed": 1}
}
}