{
"framerate":24,
"images":["charset80.png"],
"frames":[
    [415, 2, 51, 65, 0, -4, -22],
    [118, 272, 36, 61, 0, -15, -24],
    [247, 73, 49, 63, 0, -5, -22],
    [245, 2, 49, 65, 0, -5, -22],
    [63, 272, 51, 61, 0, -4, -24],
    [300, 73, 46, 63, 0, -7, -24],
    [135, 73, 52, 63, 0, -4, -24],
    [373, 207, 52, 61, 0, -7, -24],
    [2, 73, 47, 65, 0, -6, -22],
    [191, 73, 52, 63, 0, -4, -22],
    [182, 272, 25, 28, 0, -1, -69],
    [171, 207, 63, 61, 0, -3, -24],
    [120, 207, 47, 61, 0, -8, -24],
    [194, 2, 47, 65, 0, -6, -22],
    [2, 207, 54, 61, 0, -8, -24],
    [466, 142, 36, 61, 0, -8, -24],
    [427, 142, 35, 61, 0, -9, -24],
    [347, 2, 64, 65, 0, -6, -22],
    [303, 142, 55, 61, 0, -8, -24],
    [352, 207, 17, 61, 0, -8, -24],
    [470, 2, 36, 63, 0, -3, -24],
    [2, 272, 57, 61, 0, -8, -24],
    [82, 142, 36, 61, 0, -8, -24],
    [2, 142, 76, 61, 0, -6, -24],
    [429, 207, 61, 61, 0, -8, -24],
    [75, 2, 67, 65, 0, -6, -22],
    [446, 73, 47, 61, 0, -8, -24],
    [2, 2, 69, 67, 0, -6, -22],
    [248, 142, 51, 61, 0, -8, -24],
    [298, 2, 45, 65, 0, -6, -22],
    [306, 207, 42, 61, 0, -3, -24],
    [77, 73, 54, 63, 0, -8, -24],
    [238, 207, 64, 61, 0, -2, -24],
    [350, 73, 92, 61, 0, -2, -24],
    [122, 142, 65, 61, 0, -2, -24],
    [362, 142, 61, 61, 0, -1, -24],
    [60, 207, 56, 61, 0, -3, -24],
    [497, 73, 13, 25, 0, -6, -24],
    [53, 73, 20, 63, 0, -8, -24],
    [146, 2, 44, 65, 0, -5, -22],
    [191, 142, 53, 61, 0, -3, -24],
    [158, 272, 20, 47, 0, -6, -40]
],
"animations":{
    "0": {"frames": [0], "speed": 1},
    "1": {"frames": [1], "speed": 1},
    "2": {"frames": [2], "speed": 1},
    "3": {"frames": [3], "speed": 1},
    "4": {"frames": [4], "speed": 1},
    "5": {"frames": [5], "speed": 1},
    "6": {"frames": [6], "speed": 1},
    "7": {"frames": [7], "speed": 1},
    "8": {"frames": [8], "speed": 1},
    "9": {"frames": [9], "speed": 1},
    "M": {"frames": [23], "speed": 1},
    "Z": {"frames": [36], "speed": 1},
    "'": {"frames": [37], "speed": 1},
    "L": {"frames": [22], "speed": 1},
    "A": {"frames": [11], "speed": 1},
    "N": {"frames": [24], "speed": 1},
    "K": {"frames": [21], "speed": 1},
    "X": {"frames": [34], "speed": 1},
    "B": {"frames": [12], "speed": 1},
    "O": {"frames": [25], "speed": 1},
    "?": {"frames": [39], "speed": 1},
    "Y": {"frames": [35], "speed": 1},
    "C": {"frames": [13], "speed": 1},
    "P": {"frames": [26], "speed": 1},
    "D": {"frames": [14], "speed": 1},
    "Q": {"frames": [27], "speed": 1},
    ":": {"frames": [41], "speed": 1},
    "E": {"frames": [15], "speed": 1},
    "R": {"frames": [28], "speed": 1},
    ",": {"frames": [10], "speed": 1},
    "F": {"frames": [16], "speed": 1},
    "S": {"frames": [29], "speed": 1},
    "!": {"frames": [38], "speed": 1},
    "G": {"frames": [17], "speed": 1},
    "T": {"frames": [30], "speed": 1},
    "H": {"frames": [18], "speed": 1},
    "U": {"frames": [31], "speed": 1},
    "#": {"frames": [40], "speed": 1},
    "I": {"frames": [19], "speed": 1},
    "V": {"frames": [32], "speed": 1},
    "J": {"frames": [20], "speed": 1},
    "W": {"frames": [33], "speed": 1}
}
}