{
"framerate":24,
"images":["ui.png"],
"frames":[
    [1913, 647, 49, 27, 0, 2, 2],
    [2000, 2, 15, 15, 0, 0, 0],
    [812, 1051, 177, 40, 0, -316, -375],
    [993, 1051, 325, 39, 0, -242, -375],
    [499, 1051, 309, 40, 0, -250, -375],
    [452, 647, 608, 157, 0, -85, -116],
    [406, 647, 42, 242, 0, 2, 1],
    [2, 1051, 493, 65, 0, -154, -342],
    [2, 2, 650, 641, 0, -72, -62],
    [1490, 647, 419, 70, 0, -3, -4],
    [1322, 1051, 366, 28, 0, -4, -6],
    [1148, 647, 338, 70, 0, -40, -4],
    [2, 1120, 178, 17, 0, -3, -5],
    [1692, 1051, 308, 22, 0, -4, -6],
    [1064, 647, 80, 80, 0, 40, 40],
    [2, 647, 400, 400, 0, 200, 200],
    [1060, 2, 400, 400, 0, 200, 200],
    [1464, 2, 532, 400, 0, 265, 200],
    [656, 2, 400, 400, 0, 202, 236]
],
"animations":{
    "icons": {"frames": [6], "speed": 1},
    "iconLives": {"frames": [0], "speed": 1},
    "recordingScore": {"frames": [3], "speed": 1},
    "startButtonContinue": {"frames": [13], "speed": 1},
    "gameOverScreen": {"frames": [7], "speed": 1},
    "loadScreen": {"frames": [2], "speed": 1},
    "selector": {"frames": [14], "speed": 1},
    "spacebarContinue": {"frames": [10], "speed": 1},
    "iconPower": {"frames": [1], "speed": 1},
    "introScreen": {"frames": [5], "speed": 1},
    "spacebar": {"frames": [9], "speed": 1},
    "highscoreScreen": {"frames": [8], "speed": 1},
    "backgroundShape4": {"frames": [18], "speed": 1},
    "startButton": {"frames": [11], "speed": 1},
    "checkingScore": {"frames": [4], "speed": 1},
    "backgroundShape1": {"frames": [15], "speed": 1},
    "loadingScores": {"frames": [12], "speed": 1},
    "backgroundShape3": {"frames": [17], "speed": 1},
    "backgroundShape2": {"frames": [16], "speed": 1}
}
}